{
  "Technologies": [
    {
      "Id": "016a561b-1c7a-4528-b0b7-96fcb556a1e1",
      "Name": "Web",
      "Subjects": []
    },
    {
      "Id": "054bac6f-2670-4cd1-8b38-087ff82754a2",
      "Name": "Mobile",
      "Subjects": []
    },
    {
      "Id": "0ae04ffb-5e69-461d-919d-a2215109bf49",
      "Name": "API",
      "Subjects": []
    },
    {
      "Id": "b8074cb4-dcd4-40ca-a6c1-17472b09e85e",
      "Name": "Cloud",
      "Subjects": []
    },
    {
      "Id": "c209f64e-0291-437a-9615-17747eab50d0",
      "Name": "Artificial Intelligence",
      "Subjects": [
        {
          "Id": "3bd4b767-148f-4f53-a206-b42e9f3a73cd",
          "Name": "Gen AI"
        },
        {
          "Id": "615f17eb-2c5b-4494-8541-4304435ca306",
          "Name": "Machine Learning"
        }
      ]
    },
    {
      "Id": "e75b9087-6bb2-417f-a696-e667bea533a7",
      "Name": "Architecture",
      "Subjects": [
        {
          "Id": "78444c91-e53b-4f0b-8c85-e5cb925c4b7f",
          "Name": "Micro Services"
        },
        {
          "Id": "9cd68cb5-26f5-4a29-952f-3b812fcb7414",
          "Name": "Serverless"
        },
        {
          "Id": "f1b531e0-2a62-4007-8858-08bd8be6ecae",
          "Name": "Event Driven"
        }
      ]
    },
    {
      "Id": "e9d69805-edb5-43da-8258-5520000bf3a6",
      "Name": "Backend Services",
      "Subjects": []
    }
  ],
  "Categories": [
    {
      "Id": "820de009-b07e-48c8-8a10-f22628ceeac2",
      "Name": "Category",
      "Image": "",
      "TechnologyId": "",
      "SubjectId": "",
      "Source": "Fingress Platform",
      "SubCategories": [
        {
          "Id": "",
          "Name": "subcat",
          "Image": "images/categories/first_days.png",
          "TechnologyId": "",
          "SubjectId": "",
          "Source": "Fingress Platform",
          "SubCategories": []
        },
        {
          "Id": "",
          "Name": "subcat",
          "Image": "images/categories/recommended.png",
          "TechnologyId": "",
          "SubjectId": "",
          "Source": "Fingress Platform",
          "SubCategories": []
        },
        {
          "Id": "",
          "Name": "subcat",
          "Image": "images/categories/recommended.png",
          "TechnologyId": "",
          "SubjectId": "",
          "Source": "Fingress Platform",
          "SubCategories": []
        }
      ]
    },
    {
      "Id": "320d8311-719f-4a86-bf6a-ddd536daf846",
      "Name": "Category",
      "Image": "",
      "TechnologyId": "",
      "SubjectId": "",
      "Source": "Fingress Platform",
      "SubCategories": [
        {
          "Id": "",
          "Name": "",
          "Image": "images/categories/modern_workplace_trainingx.png",
          "TechnologyId": "e75b9087-6bb2-417f-a696-e667bea533a7",
          "SubjectId": "",
          "Source": "Fingress Platform",
          "SubCategories": []
        }
      ]
    },
    
    
    {
      "Id": "",
      "Name": "Category",
      "Image": "",
      "TechnologyId": "",
      "SubjectId": "",
      "Source": "Fingress Platform",
      "SubCategories": [
        {
          "Id": "",
          "Name": "Testing",
          "Image": "images/categories/modern_workplace_trainingx.png",
          "TechnologyId": "e75b9087-6bb2-417f-a696-e667bea533a7",
          "SubjectId": "",
          "Source": "Fingress Platform",
          "SubCategories": []
        } 
      ]
    }
  ],
  "Audiences": [
    {
      "Id": "092298e4-2cad-4ee5-89a8-68b2ad07dc96",
      "Name": "All"
    },
    {
      "Id": "304b216c-ea4d-436c-83f8-93ba1319943b",
      "Name": "Champions/Trainer"
    },
    {
      "Id": "41779dd0-ae42-4a62-8b66-bd87c137f4ac",
      "Name": "HelpDesk"
    },
    {
      "Id": "82a23325-2e47-4ff9-8747-b6e01c452b81",
      "Name": "End User"
    },
    {
      "Id": "97150537-2c2f-42f9-8bc6-73e68fda0d38",
      "Name": "Change Manager"
    },
    {
      "Id": "9fcd26c3-bcca-4452-a40a-f87e0daed348",
      "Name": "Admin"
    },
    {
      "Id": "a8787978-0ee5-4bc6-9c2c-eb11fc47cbfd",
      "Name": "Group Owner"
    },
    {
      "Id": "c92ae45b-8770-48f6-8870-3ec74a310da7",
      "Name": "VIP"
    },
    {
      "Id": "d093e0b6-b9f1-4b46-877c-0a49e989ee40",
      "Name": "Executive Assistant"
    },
    {
      "Id": "e22b05b1-e778-4c97-9646-b8933c209772",
      "Name": "Content Editor"
    },
    {
      "Id": "e2fce8e0-2014-4e36-81a5-0723b85958f8",
      "Name": "Site Sponsor"
    },
    {
      "Id": "f110eb03-e899-46a9-83be-8f507dae83c1",
      "Name": "Content Manager"
    }
  ],
  "Sources": [
    "SOC",
    "FastTrack",
    "M365",
    "Fingress Platform",
    "LinkedIn",
    "Bluescope"
  ],
  "Levels": [
    {
      "Id": "728fc9bd-0e13-4b9f-a7b5-51bd1f01c524",
      "Name": "Beginner"
    },
    {
      "Id": "ab49a955-3814-41fa-aa33-1b2757bc28ea",
      "Name": "Intermediate"
    },
    {
      "Id": "fbc841eb-1082-4c27-b13b-f7965947cb16",
      "Name": "Advanced"
    }
  ],
  "StatusTag": [
    {
      "Id": "42be48f6-1f82-4fda-a757-add2499677d9",
      "Name": "Beta"
    },
    {
      "Id": "4eb25076-b5d0-41cb-afa6-4e0c5a1c9664",
      "Name": "Retired"
    },
    {
      "Id": "90fe6290-e063-4778-a8a1-7531c2a0a40e",
      "Name": "Retiring"
    },
    {
      "Id": "9d1fab25-ed9c-404e-941b-41e428d18726",
      "Name": "Updated"
    },
    {
      "Id": "c11c485b-496d-479b-88a3-1744a7a028d7",
      "Name": "New"
    }
  ]
}
